keyword,month,volume
acme,2025-02,824
acme,2025-03,847
acme,2025-04,836
acme,2025-05,868
acme,2025-06,857
acme,2025-07,889
acme,2025-08,911
acme,2025-09,900
acme,2025-10,931
acme,2025-11,954
acme,2025-12,977
acme,2026-01,999
acme,2026-02,989
acme,2026-03,1020
acme,2026-04,1042
acme,2026-05,1064
acme,2026-06,1070
acme,2026-07,1076
acme crm,2025-02,384
acme crm,2025-03,407
acme crm,2025-04,415
acme crm,2025-05,443
acme crm,2025-06,451
acme crm,2025-07,480
acme crm,2025-08,506
acme crm,2025-09,514
acme crm,2025-10,546
acme crm,2025-11,574
acme crm,2025-12,602
acme crm,2026-01,631
acme crm,2026-02,639
acme crm,2026-03,674
acme crm,2026-04,705
acme crm,2026-05,736
acme crm,2026-06,756
acme crm,2026-07,776
acme pricing,2025-02,213
acme pricing,2025-03,223
acme pricing,2025-04,224
acme pricing,2025-05,236
acme pricing,2025-06,237
acme pricing,2025-07,250
acme pricing,2025-08,261
acme pricing,2025-09,262
acme pricing,2025-10,275
acme pricing,2025-11,286
acme pricing,2025-12,297
acme pricing,2026-01,309
acme pricing,2026-02,310
acme pricing,2026-03,324
acme pricing,2026-04,336
acme pricing,2026-05,348
acme pricing,2026-06,355
acme pricing,2026-07,362
apex,2025-02,3200
apex,2025-03,3217
apex,2025-04,3233
apex,2025-05,3270
apex,2025-06,3276
apex,2025-07,3313
apex,2025-08,3329
apex,2025-09,3345
apex,2025-10,3382
apex,2025-11,3397
apex,2025-12,3413
apex,2026-01,3450
apex,2026-02,3465
apex,2026-03,3503
apex,2026-04,3518
apex,2026-05,3533
apex,2026-06,3537
apex,2026-07,3551
apex crm,2025-02,1506
apex crm,2025-03,1514
apex crm,2025-04,1522
apex crm,2025-05,1539
apex crm,2025-06,1542
apex crm,2025-07,1559
apex crm,2025-08,1566
apex crm,2025-09,1574
apex crm,2025-10,1591
apex crm,2025-11,1599
apex crm,2025-12,1606
apex crm,2026-01,1624
apex crm,2026-02,1631
apex crm,2026-03,1648
apex crm,2026-04,1656
apex crm,2026-05,1663
apex crm,2026-06,1664
apex crm,2026-07,1671
crm for smb,2025-02,2958
crm for smb,2025-03,2947
crm for smb,2025-04,3045
crm for smb,2025-05,3028
crm for smb,2025-06,3128
crm for smb,2025-07,3076
crm for smb,2025-08,3149
crm for smb,2025-09,3118
crm for smb,2025-10,3232
crm for smb,2025-11,3207
crm for smb,2025-12,3282
crm for smb,2026-01,3245
crm for smb,2026-02,3331
crm for smb,2026-03,3312
crm for smb,2026-04,3411
crm for smb,2026-05,3383
crm for smb,2026-06,3375
crm for smb,2026-07,3452
crm sverige,2025-02,2001
crm sverige,2025-03,1994
crm sverige,2025-04,2060
crm sverige,2025-05,2048
crm sverige,2025-06,2116
crm sverige,2025-07,2081
crm sverige,2025-08,2131
crm sverige,2025-09,2110
crm sverige,2025-10,2186
crm sverige,2025-11,2170
crm sverige,2025-12,2221
crm sverige,2026-01,2195
crm sverige,2026-02,2253
crm sverige,2026-03,2241
crm sverige,2026-04,2307
crm sverige,2026-05,2288
crm sverige,2026-06,2283
crm sverige,2026-07,2336
nimbus crm,2025-02,988
nimbus crm,2025-03,996
nimbus crm,2025-04,1015
nimbus crm,2025-05,1002
nimbus crm,2025-06,1032
nimbus crm,2025-07,1018
nimbus crm,2025-08,993
nimbus crm,2025-09,1056
nimbus crm,2025-10,998
nimbus crm,2025-11,1005
nimbus crm,2025-12,979
nimbus crm,2026-01,963
nimbus crm,2026-02,983
nimbus crm,2026-03,944
nimbus crm,2026-04,939
nimbus crm,2026-05,910
nimbus crm,2026-06,965
nimbus crm,2026-07,984
nimbus pipeline,2025-02,403
nimbus pipeline,2025-03,407
nimbus pipeline,2025-04,414
nimbus pipeline,2025-05,409
nimbus pipeline,2025-06,421
nimbus pipeline,2025-07,416
nimbus pipeline,2025-08,406
nimbus pipeline,2025-09,432
nimbus pipeline,2025-10,407
nimbus pipeline,2025-11,411
nimbus pipeline,2025-12,400
nimbus pipeline,2026-01,394
nimbus pipeline,2026-02,401
nimbus pipeline,2026-03,385
nimbus pipeline,2026-04,383
nimbus pipeline,2026-05,372
nimbus pipeline,2026-06,394
nimbus pipeline,2026-07,402
pipeline pro,2025-02,1479
pipeline pro,2025-03,1491
pipeline pro,2025-04,1558
pipeline pro,2025-05,1567
pipeline pro,2025-06,1638
pipeline pro,2025-07,1629
pipeline pro,2025-08,1686
pipeline pro,2025-09,1688
pipeline pro,2025-10,1768
pipeline pro,2025-11,1773
pipeline pro,2025-12,1835
pipeline pro,2026-01,1833
pipeline pro,2026-02,1900
pipeline pro,2026-03,1910
pipeline pro,2026-04,1986
pipeline pro,2026-05,1990
pipeline pro,2026-06,2005
pipeline pro,2026-07,2072
pipeline tool,2025-02,2262
pipeline tool,2025-03,2254
pipeline tool,2025-04,2329
pipeline tool,2025-05,2315
pipeline tool,2025-06,2392
pipeline tool,2025-07,2353
pipeline tool,2025-08,2409
pipeline tool,2025-09,2385
pipeline tool,2025-10,2471
pipeline tool,2025-11,2453
pipeline tool,2025-12,2511
pipeline tool,2026-01,2482
pipeline tool,2026-02,2547
pipeline tool,2026-03,2533
pipeline tool,2026-04,2608
pipeline tool,2026-05,2587
pipeline tool,2026-06,2581
pipeline tool,2026-07,2640
zenith,2025-02,4515
zenith,2025-03,4536
zenith,2025-04,4585
zenith,2025-05,4597
zenith,2025-06,4646
zenith,2025-07,4657
zenith,2025-08,4706
zenith,2025-09,4717
zenith,2025-10,4766
zenith,2025-11,4786
zenith,2025-12,4836
zenith,2026-01,4855
zenith,2026-02,4904
zenith,2026-03,4935
zenith,2026-04,4964
zenith,2026-05,5014
zenith,2026-06,5022
zenith,2026-07,5051
zenith crm,2025-02,1748
zenith crm,2025-03,1756
zenith crm,2025-04,1775
zenith crm,2025-05,1779
zenith crm,2025-06,1799
zenith crm,2025-07,1803
zenith crm,2025-08,1822
zenith crm,2025-09,1826
zenith crm,2025-10,1845
zenith crm,2025-11,1853
zenith crm,2025-12,1872
zenith crm,2026-01,1880
zenith crm,2026-02,1899
zenith crm,2026-03,1910
zenith crm,2026-04,1921
zenith crm,2026-05,1941
zenith crm,2026-06,1944
zenith crm,2026-07,1955
zenith login,2025-02,1019
zenith login,2025-03,1021
zenith login,2025-04,1028
zenith login,2025-05,1027
zenith login,2025-06,1034
zenith login,2025-07,1033
zenith login,2025-08,1040
zenith login,2025-09,1039
zenith login,2025-10,1046
zenith login,2025-11,1046
zenith login,2025-12,1053
zenith login,2026-01,1054
zenith login,2026-02,1061
zenith login,2026-03,1063
zenith login,2026-04,1065
zenith login,2026-05,1072
zenith login,2026-06,1070
zenith login,2026-07,1072
